Top queries,Clicks,Impressions,CTR,Position
website design keynsham,22,161,13.66%,7.9
seo kings,19,192,9.9%,4.1
website designer keynsham,9,114,7.89%,6.51
website designer bath,6,99,6.06%,21.81
website design midsomer norton,5,29,17.24%,13.66
seo midsomer norton,4,127,3.15%,39.33
seo kings keynsham,4,18,22.22%,2.17
web design keynsham,3,87,3.45%,10.15
site:seo-kings.co.uk,2,78,2.56%,2.03
seokings,2,4,50%,20.75
seo keynsham,1,174,0.57%,36.18
seo-kings.co.uk,1,64,1.56%,1
website designer in bath,1,15,6.67%,34.33
seo bath,0,412,0%,66.11
seo somerset,0,305,0%,59.06
seo agency bath,0,284,0%,66.61
bath seo company,0,273,0%,68.74
website design bath,0,236,0%,77.72
website designers bath,0,216,0%,47.25
seo chippenham,0,195,0%,73.54
web design bath,0,192,0%,82.59
web designer bath,0,188,0%,60.32
local seo bath,0,182,0%,7.2
seo services bath,0,175,0%,68
bath seo,0,171,0%,62.01
seo company bath,0,150,0%,63.81
wiltshire seo services,0,146,0%,1.42
web design in bath,0,129,0%,84.95
bath website design,0,120,0%,79.67
seo services somerset,0,112,0%,78.7
wiltshire seo company,0,109,0%,1
kings norton seo company,0,109,0%,44.52
bath web design company,0,109,0%,86.12
bath web design,0,104,0%,82.25
web redesign keynsham,0,94,0%,11.97
wordpress websites bath,0,83,0%,60.49
seo company kings norton,0,80,0%,54.48
seo agency in bath,0,75,0%,68.17
seo marketing service bath,0,73,0%,69.38
web designers bath,0,71,0%,60.76
seo companies in bath,0,70,0%,75.89
bath web designer,0,70,0%,82.17
website management bath,0,67,0%,32.97
wp websites bath,0,65,0%,56.2
search engine optimisation keynsham,0,64,0%,29.81
seo for small business bath,0,60,0%,19.88
wordpress developer bath,0,53,0%,77.81
seo horsham,0,52,0%,85.46
seo companies in somerset,0,51,0%,81.37
seo agency midsomer norton,0,47,0%,16.43
local seo company,0,46,0%,3.17
search engine optimisation in keynsham,0,45,0%,13.38
seo corsham,0,45,0%,79.69
web design agency bath,0,44,0%,85.43
web design radstock,0,43,0%,22.14
web agency bath,0,41,0%,87.51
kings norton web design company,0,40,0%,44.05
website design burnham on sea,0,40,0%,78.7
seo trowbridge,0,37,0%,26.62
web design trowbridge,0,37,0%,31.73
web design and seo packages,0,37,0%,84.89
web design seo services,0,36,0%,2
seo services,0,34,0%,3.26
web design burnham on sea,0,34,0%,76.38
seo company in oxted,0,33,0%,40.91
decorators in combe down,0,32,0%,42.34
seo agency north east,0,32,0%,76.38
seo weston super mare,0,31,0%,74.61
seo north somerset,0,30,0%,52.83
wordpress website developer bath,0,30,0%,71.07
search engine optimisation in radstock,0,29,0%,19.21
seo consultant bath,0,29,0%,72.93
website and seo services,0,27,0%,2
decorators in widcombe,0,27,0%,33.07
bathroom remodels in keynsham,0,26,0%,60.23
search engine optimisation in bath,0,26,0%,88.46
web design and seo services,0,25,0%,2.88
seo radstock,0,25,0%,5.56
seo kings lynn,0,25,0%,67.6
website agency bath,0,25,0%,87.2
google web designer trowbridge,0,24,0%,13.33
woking seo,0,24,0%,70.33
seo agency somerset,0,24,0%,80.29
website design seo services,0,23,0%,2
mobile mapping radstock,0,23,0%,44.91
keynsham roofers,0,23,0%,49.22
roofer keynsham,0,23,0%,76.52
rendering keynsham,0,23,0%,77.48
website design in bath,0,23,0%,79.43
website design and build bath,0,22,0%,17.5
web developer bath,0,22,0%,85.27
search engine optimisation in midsomer norton,0,21,0%,15.81
seo & web design service,0,20,0%,4.4
website design trowbridge,0,20,0%,28.6
seo melksham,0,20,0%,45.35
seo south high wycombe,0,20,0%,65.7
somerset seo,0,20,0%,76.25
seo business bath,0,19,0%,45.89
decorators in batheaston,0,19,0%,47.42
bim services midsomer norton‎,0,19,0%,58.16
local seo gillingham,0,19,0%,76.89
bath seo agency,0,19,0%,80.84
online marketing services in trowbridge,0,19,0%,82.05
seo services wiltshire,0,18,0%,1.28
web design and seo,0,18,0%,2.33
seo services midsome norton,0,18,0%,13.5
seo companies bath,0,18,0%,77.94
seo company somerset,0,18,0%,83.5
professional seo web design,0,17,0%,9.12
speed rank seo,0,17,0%,22.82
google business for tradespeople,0,17,0%,72.18
seo north walsham,0,17,0%,88.47
bim services radstock‎,0,16,0%,44.31
decorators in keynsham,0,16,0%,49.25
web marketing bath,0,16,0%,81.31
web development seo services,0,15,0%,4.67
"""hit a snag loading this page""",0,15,0%,8.53
search engine optimisation bath,0,15,0%,81.87
bath web design agency,0,15,0%,88.07
local seo services,0,14,0%,4.57
seo services midsomer norton,0,14,0%,20.29
website seo gillingham,0,14,0%,68.36
seo bradford-on-avon,0,13,0%,1.92
king seo,0,13,0%,9.92
web designers bath area,0,13,0%,21.38
local seo somerset,0,13,0%,22.08
soakways midsomer norton,0,13,0%,54.92
buy wordpress websites bath,0,13,0%,69.69
seo services yeovil,0,13,0%,88.08
seo web design service,0,12,0%,2.17
search engine optimisation midsomer norton,0,12,0%,11.92
decorators in bathampton,0,12,0%,47.58
seo services collingham,0,12,0%,72.33
seo weston-super-mare,0,12,0%,74.58
seo services eastleigh,0,12,0%,77.83
decorating in bath,0,12,0%,78.42
wordpress agency bath,0,12,0%,82.08
seo woking,0,12,0%,85.75
most affordable website design packages in bath,0,11,0%,13.82
seo hersham,0,11,0%,37
seo services dewsbury,0,11,0%,80.45
bim services keynsham‎,0,11,0%,86.27
seo services weston super mare,0,11,0%,87
website designer near me,0,10,0%,13.6
website design,0,10,0%,19.3
seo king's lynn,0,10,0%,54.8
web design woodstock,0,10,0%,61.8
wordpress web designers bath,0,10,0%,73.7
seo consultants bath,0,10,0%,75.3
seo consultant somerset,0,10,0%,82.6
web company bath,0,10,0%,86.3
web development and seo services,0,9,0%,1.33
web seo services,0,9,0%,2.78
web design & seo service,0,9,0%,5.11
seo web design uk,0,9,0%,8.11
keynsham farmers market,0,9,0%,13.33
seo king's stanley,0,9,0%,18.11
small business website designer near me,0,9,0%,19.44
local website designers trowbridge,0,9,0%,24.67
seo company in bath somerset,0,9,0%,40.89
web design thornbury,0,9,0%,48.67
search engine optimisation in trowbridge,0,9,0%,50
seo high wycombe,0,9,0%,73.56
best web design agency in bath,0,9,0%,81.89
seo chilcompton,0,8,0%,3.88
website design services trowbridge,0,8,0%,22.88
search engine optimisation trowbridge,0,8,0%,53.12
plumbers midsomer norton,0,8,0%,60.62
decorators in bath,0,8,0%,72.38
seo agency in somerset,0,8,0%,84
keynsham farmers market 2026,0,7,0%,3.71
web development,0,7,0%,5.29
web design hourly rate bath,0,7,0%,19.71
professional website designer trowbridge,0,7,0%,25.29
website designer trowbridge,0,7,0%,29.29
web designer trowbridge,0,7,0%,32.43
business website design trowbridge,0,7,0%,33.86
building consultancy timsbury,0,7,0%,51.29
retail fit out keynsham,0,7,0%,54.86
local plumber in keynsham,0,7,0%,60.71
website design corsham,0,7,0%,61.71
painter & decorator in bath,0,7,0%,62.71
bath uk seo company,0,7,0%,64.71
plumbers keynsham,0,7,0%,65.43
decorator in bath,0,7,0%,66
woocommerce web developers bath,0,7,0%,77.86
seo company in somerset,0,7,0%,80.57
local seo truro,0,7,0%,82.86
online agency bath,0,7,0%,86
painter and decorator seo,0,7,0%,89.57
e-commerce web designers bath,0,7,0%,91.14
seo services for business in high wycombe,0,7,0%,94.29
seo company wokingham,0,7,0%,95.43
seo services woodstock,0,6,0%,1.17
website development and seo services,0,6,0%,4.83
professionnal seo services,0,6,0%,5.17
seo web development services,0,6,0%,11.33
wordpress websites for sale bath,0,6,0%,47.5
best seo service company in somerset,0,6,0%,69
areas we serve,0,6,0%,71.33
web designers in bath,0,6,0%,83.5
ppc agency bath,0,6,0%,87.5
wordpress web design agency bath,0,6,0%,91
seo agency reading,0,6,0%,97.67
website seo in high wycombe,0,6,0%,98
web developer bradford-on-avon,0,5,0%,1.6
web design service bath,0,5,0%,39.8
3 kings seo meaning,0,5,0%,51.8
seo-friendly websites weston-super-mare,0,5,0%,58.8
digital marketing keynsham,0,5,0%,64.8
web design bath uk,0,5,0%,76
seo for bathroom companies fitters,0,5,0%,76.6
seo services in high wycombe,0,5,0%,84.2
seo plumber,0,5,0%,84.8
website design in seaford,0,5,0%,85.6
seo agency weston-super-mare,0,5,0%,86
seo agency in high wycombe,0,5,0%,95.6
seo kings find,0,4,0%,3
keynsham market,0,4,0%,15
bristol website design,0,4,0%,18.5
bath wordpress websites,0,4,0%,23.5
seo web design packages,0,4,0%,27
trowbridge web designers,0,4,0%,29.75
seo in bath,0,4,0%,30
bath wordpress management,0,4,0%,38.5
shop fit out keynsham,0,4,0%,44.75
mobile+mapping+radstock,0,4,0%,48.75
roofers keynsham,0,4,0%,51
local seo company gloucester,0,4,0%,56
marketing agencies bath,0,4,0%,65.25
builder in radstock,0,4,0%,66.75
marketing agency somerset,0,4,0%,71.25
web design king's stanley,0,4,0%,73.25
office design keynsham,0,4,0%,73.5
google business profile for tradies,0,4,0%,74
seo taunton,0,4,0%,80.75
seo company in ukoldham,0,4,0%,81.75
plumbers in bath,0,4,0%,87.5
digital marketing agencies bath,0,4,0%,88.75
seo marketing weston-super-mare,0,4,0%,89
local seo agency in high wycombe,0,4,0%,94.75
website design and seo packages,0,3,0%,1
westfield local business seo service,0,3,0%,2
seo kings keynsham reviews,0,3,0%,2.67
seo westfield,0,3,0%,4
seo batheaston united kingdom,0,3,0%,4.33
seo for kitchen installers,0,3,0%,4.67
seo in wiltshire,0,3,0%,5
website and seo packages,0,3,0%,7
seo,0,3,0%,8
seo services by professional,0,3,0%,12.33
web design,0,3,0%,14.33
seo wiltshire,0,3,0%,17.67
seo for bathroom designers,0,3,0%,31.67
web designers frome and bath,0,3,0%,33
local seo service,0,3,0%,41
freelance website design bath,0,3,0%,42.33
seo company kings county,0,3,0%,52
plumber in keynsham,0,3,0%,57
local seo horsham,0,3,0%,62.33
seo agency frodsham,0,3,0%,62.33
seo agency wells,0,3,0%,62.67
decorator near bath,0,3,0%,68
hyperlocal seo near me,0,3,0%,69.33
web design and seo agency somerset,0,3,0%,70.67
local seo hastings,0,3,0%,74.33
seo agency collingham,0,3,0%,74.33
woking web design,0,3,0%,76
top web design agency bath,0,3,0%,79
packing services in paulton,0,3,0%,84.67
seo company serving high wycombe,0,3,0%,87
seo company in high wycombe,0,3,0%,87.67
somerset seo agency,0,3,0%,89
seo company providing seo services in high wycombe,0,3,0%,92
seo agencies in high wycombe,0,3,0%,92.33
handyman bath,0,3,0%,93.67
seo agency for high wycombe,0,3,0%,97
web design frodsham,0,3,0%,97.67
yes,0,2,0%,1
seo consulting near me,0,2,0%,1.5
seo consultants,0,2,0%,2
web and seo,0,2,0%,2
webdesign and seo,0,2,0%,2
website development and seo company,0,2,0%,2
seo services uk,0,2,0%,3
web design seo company,0,2,0%,3
professional seo servcies,0,2,0%,3.5
seo north bath,0,2,0%,4.5
web design and seo service,0,2,0%,5
seo saint clears,0,2,0%,6
seo larkhall,0,2,0%,7.5
new-decorating.co.uk,0,2,0%,9.5
farmers market keynsham,0,2,0%,11
website design in midsomer norton,0,2,0%,13.5
lawyer seo roman baths bath,0,2,0%,14.5
seo king,0,2,0%,17.5
web design midsomer norton,0,2,0%,21
odd down bath,0,2,0%,21.5
websites with good seo,0,2,0%,22.5
web design wookey,0,2,0%,26.5
seo agency trowbridge,0,2,0%,28
website design in kingsbridge,0,2,0%,32.5
wordpress website for sale bath,0,2,0%,33.5
wix website designer bath,0,2,0%,35
plumber chew valley,0,2,0%,36.5
design and planning in keynsham,0,2,0%,40
created in bath,0,2,0%,45
google business profile london,0,2,0%,47
seo audit somerset,0,2,0%,50.5
wordpress management bath,0,2,0%,52.5
plumber keynsham,0,2,0%,54
marketing agencies in bath,0,2,0%,56
bespoke web design bath,0,2,0%,62
seo for decorators,0,2,0%,65.5
bath woocommerce developers,0,2,0%,67.5
bear flat,0,2,0%,70
website hosting bath,0,2,0%,70
website design in kingswood,0,2,0%,72
blocked drains peasedown st john,0,2,0%,72.5
seo wokingham,0,2,0%,73.5
search engine optimisation in somerset,0,2,0%,75
digital marketing midsomer norton,0,2,0%,77
letting agents keynsham,0,2,0%,77.5
web development bath,0,2,0%,80
internet marketing bath,0,2,0%,83
seo agency weston super mare,0,2,0%,85
bath building society midsomer norton,0,2,0%,86
ecommerce websites bath,0,2,0%,86
seo cranleigh,0,2,0%,87.5
web design agency in bath,0,2,0%,88
local website builders near me,0,2,0%,88.5
seo agencies somerset,0,2,0%,89.5
seo agency yeovil,0,2,0%,89.5
web design melksham,0,2,0%,90.5
seo services uk high wycombe,0,2,0%,91
digital marketing agency in bath,0,2,0%,93
marketing agency bath,0,2,0%,96
bath architecture design,0,2,0%,97.5
seo marketing company in high wycombe,0,2,0%,97.5
seo agency services in high wycombe,0,2,0%,98
digital marketing agency bath,0,2,0%,112
is it good value,0,1,0%,1
local seo experts,0,1,0%,1
professional seo agency,0,1,0%,1
professional seo company,0,1,0%,1
professional seo expert,0,1,0%,1
professional seo services agency,0,1,0%,1
professional web development services,0,1,0%,1
search engine optimisation in kingswood,0,1,0%,1
search engine optimisation in woodstock,0,1,0%,1
seo backlinking service,0,1,0%,1
seo company,0,1,0%,1
seo east pennard united kingdom,0,1,0%,1
seo for kitchen designers,0,1,0%,1
seo services near me,0,1,0%,1
seo specialists uk,0,1,0%,1
seo web design,0,1,0%,1
seo web design company,0,1,0%,1
web design company near me,0,1,0%,1
professional seo services,0,1,0%,2
seo and web services,0,1,0%,2
seo companies uk,0,1,0%,2
seo design,0,1,0%,2
seo firm,0,1,0%,2
seo servies,0,1,0%,2
seo specialists near me,0,1,0%,2
seo web design services,0,1,0%,2
uk seo consultant,0,1,0%,2
web development and seo company,0,1,0%,2
web hosting seo services,0,1,0%,2
website and seo companies,0,1,0%,2
website design and seo,0,1,0%,2
website design and seo services,0,1,0%,2
professional seo service,0,1,0%,3
seo company service,0,1,0%,3
seo provider,0,1,0%,3
seo services in uk,0,1,0%,3
services seo,0,1,0%,3
web design seo service,0,1,0%,3
web design with seo,0,1,0%,3
batheaston,0,1,0%,4
professional seo services in uk,0,1,0%,4
page source code,0,1,0%,5
website seo service,0,1,0%,5
banes,0,1,0%,6
seo website design services,0,1,0%,6
seo’s,0,1,0%,6
website design wookey,0,1,0%,6
seo single page website,0,1,0%,7
local seo,0,1,0%,8
widcombe bath,0,1,0%,8
best wordpress website designer near me,0,1,0%,9
professional website builder near me,0,1,0%,10
weston bath,0,1,0%,10
local seo services avon co,0,1,0%,11
seo and web development company,0,1,0%,11
search engine optimization company kings point,0,1,0%,12
web design in midsomer norton,0,1,0%,12
search engine optimization company kings park,0,1,0%,13
seo services king,0,1,0%,13
seo services site web,0,1,0%,13
website designers for small business near me,0,1,0%,13
seo designer,0,1,0%,14
bath web design hourly rate,0,1,0%,15
skip hire midsomer norton,0,1,0%,21
web designer near me,0,1,0%,22
seo company mortimer,0,1,0%,23
web design larkhall,0,1,0%,24
seo for kitchen and bath,0,1,0%,25
bath website hosting,0,1,0%,27
cleaners chew magna,0,1,0%,30
websites rank,0,1,0%,31
trowbridge web design,0,1,0%,37
web design chippenham,0,1,0%,41
website design near me,0,1,0%,41
building company in keynsham,0,1,0%,44
list of rank sites,0,1,0%,44
seo agency chippenham,0,1,0%,44
wix designer bath,0,1,0%,45
design-and-build service in keynsham,0,1,0%,46
electrician hanham,0,1,0%,46
seo training bath,0,1,0%,46
decorator in midsomer norton,0,1,0%,47
melksham seo,0,1,0%,47
web design company trowbridge,0,1,0%,47
clandown radstock,0,1,0%,48
website design & development in bath,0,1,0%,48
builder north east somerset,0,1,0%,50
best website to rank things,0,1,0%,54
professional painter & decorator in bath,0,1,0%,56
bath twerton,0,1,0%,57
professional decorator in bath,0,1,0%,57
painter decorator bath,0,1,0%,58
painter and decorator in bath,0,1,0%,60
seo kingsnorth,0,1,0%,60
website design and seo services jobs,0,1,0%,60
web design corsham,0,1,0%,63
best rank sites,0,1,0%,64
builder radstock,0,1,0%,64
clandown somerset,0,1,0%,65
seo for painters & decorators,0,1,0%,65
local seo rayleigh,0,1,0%,68
seo courses somerset,0,1,0%,68
seo north east,0,1,0%,68
near me seo,0,1,0%,69
bath marketing agencies,0,1,0%,70
marketing companies bath,0,1,0%,70
garage conversions in radstock,0,1,0%,71
seo chipping norton,0,1,0%,71
"""seo service""",0,1,0%,72
seo woodstock,0,1,0%,74
affordable website design bath,0,1,0%,75
digital marketing company bath,0,1,0%,75
high quality sites,0,1,0%,76
why page speed matters,0,1,0%,76
seo banstead,0,1,0%,78
website seo developers taunton somerset,0,1,0%,78
plumber bath uk,0,1,0%,79
seo agencies bath,0,1,0%,79
logo design bath,0,1,0%,80
rank kings,0,1,0%,80
website design in greenfield,0,1,0%,81
search engine optimisation in kingsbridge,0,1,0%,82
website design agency bath,0,1,0%,82
woocommerce website builders bath,0,1,0%,82
carlsbad seo service,0,1,0%,84
web+design+and+seo+packages,0,1,0%,85
seo in woking,0,1,0%,87
seo west wickham,0,1,0%,88
seo & web design woking,0,1,0%,89
bath england architecture,0,1,0%,90
local seo services reading,0,1,0%,91
seo+somerset,0,1,0%,92
architecture in bath uk,0,1,0%,93
seo services ukoldham,0,1,0%,93
digital agencies bath,0,1,0%,94
online marketing agency bath,0,1,0%,94
peasedown st john cleaner,0,1,0%,94
seo agency taunton,0,1,0%,94
chilcompton radstock,0,1,0%,95
web+design+bath,0,1,0%,95
local seo plumbers,0,1,0%,97
mobile mapping keynsham,0,1,0%,97
seo agency high wycombe,0,1,0%,97
seo agency wokingham,0,1,0%,97
bath plumbers,0,1,0%,98
seo agency woking,0,1,0%,98
local seo service inrayleigh,0,1,0%,100
plumbers bath,0,1,0%,100